Ref,Val,Package,PosX,PosY,Rot,Side
"C1","C_100NF_0603","C_0603_1608Metric",62.230000,30.480000,180.000000,top
"U1","W25Q128JVS","SOIC-8_5.275x5.275mm_P1.27mm",59.055000,26.670000,0.000000,top
