Designator,Val,Package,Mid X,Mid Y,Rotation,Layer
"C1","C_100NF_0603","C_0603_1608Metric",64.135000,32.385000,180.000000,top
"J1","STM32WORLD_BASE","STM32WORLD_BASE",40.005000,27.305000,0.000000,top
"U1","W25Q128JVS","SOIC-8_5.275x5.275mm_P1.27mm",60.960000,28.575000,-90.000000,top
