Designator,Val,Package,Mid X,Mid Y,Rotation,Layer
"C1","100nF","C_0603_1608Metric",160.655000,-91.440000,90.000000,top
"C2","100nF","C_0603_1608Metric",160.655000,-105.410000,90.000000,top
"R1","120R","R_0603_1608Metric",172.720000,-92.710000,0.000000,top
"R2","120R","R_0603_1608Metric",172.720000,-106.680000,0.000000,top
"U1","SN65HVD230DR","SOIC-8_3.9x4.9mm_P1.27mm",165.735000,-91.440000,-90.000000,top
"U2","SN65HVD230DR","SOIC-8_3.9x4.9mm_P1.27mm",165.735000,-105.410000,-90.000000,top
